Options +FollowSymLinks -MultiViews

RewriteEngine on

# Redirect all users to access the site WITH the 'www.' prefix.
RewriteCond %{HTTP_HOST} .
RewriteCond %{HTTP_HOST} !^www\. [NC]
RewriteRule ^ http%{ENV:protossl}://www.%{HTTP_HOST}%{REQUEST_URI} [L,R=301]

# Remove trailing slashes from directories.
DirectorySlash Off
RewriteCond %{REQUEST_FILENAME} -d
RewriteCond %{REQUEST_URI} !/$
RewriteCond %{REQUEST_FILENAME}/index.html -f
RewriteRule (.*) $1/index.html [L]
RewriteRule ^(.*)/$ /$1 [L,R=301]

# Remove index.html from URLs.
RewriteCond %{THE_REQUEST} \s/+(.*/)?index\.html[\s?] [NC]
RewriteRule ^(.*)index\.html$ /$1 [L,R=301]

ErrorDocument 404 /404/index.html

Redirect 301 /daily/2024/08/15/docblocks-or-annotations /daily/2024/08/15/docblocks-or-attributes
Redirect 301 /10-useful-drupal-6-modules-i-use-every-project /blog/10-useful-drupal-6-modules
Redirect 301 /2010/04/05/styling-drupal-6s-taxonomy-lists-with-php-css-and-jquery /blog/style-drupal-6s-taxonomy-lists-php-css-jquery
Redirect 301 /2010/04/28/using-imagecache-and-imagecrop-for-my-portfolio /blog/using-imagecache-imagecrop-my-portfolio
Redirect 301 /2010/05/29/importing-images-using-the-imagefieldimport-module /blog/quickly-import-multiples-images-using-imagefieldimport-module
Redirect 301 /2010/06/23/creating-a-block-of-social-media-icons-using-cck-views-and-nodequeue /blog/create-block-social-media-icons-using-cck-views-nodequeue
Redirect 301 /2010/07/05/thanks /blog/thanks
Redirect 301 /2010/08/17/create-a-better-photo-gallery-in-drupal-part-2 /blog/create-better-photo-gallery-drupal-part-2
Redirect 301 /2014/05/21/git-format-patch /blog/git-format-patch-your-friend
Redirect 301 /2PxmyqP /articles/examples-of-laravel-collections-in-drupal
Redirect 301 /39CoG /articles/drupalcamp-london-testing-workshop
Redirect 301 /3eGQr https://github.com/howToCodeWell/howToCodeWellFM/blob/c927e0b3589f1d7375002f7fd70f0bfc9fc90449/composer.json#L17
Redirect 301 /6UhLN https://github.com/opdavies/sculpin-twig-markdown-bundle/pull/1
Redirect 301 /6i3YZ https://www.youtube.com/watch?v=vUK5sEbd-dk
Redirect 301 /9rv0Z https://www.drupal.org/project/override_node_options/issues/3109852
Redirect 301 /BhMZi https://git.drupalcode.org/search?utf8=%E2%9C%93&snippets=&scope=&repository_ref=8.x-1.x&search=baz&project_id=23203
Redirect 301 /NBi5h https://git.drupalcode.org/search?utf8=%E2%9C%93&search=bar&group_id=&project_id=23203&search_code=true&repository_ref=8.x-1.x&nav_source=navbar
Redirect 301 /P5KQ5 https://www.npmjs.com/package/tailwindcss-skip-link
Redirect 301 /S8ZDA /articles/rebuilding-bartik-with-vuejs-tailwind-css-part-2
Redirect 301 /Wh48P https://github.com/opdavies/oliverdavies.uk/blob/master/source/_partials/talk/video.html.twig
Redirect 301 /XbzS2 https://github.com/opdavies/gmail-filter-builder
Redirect 301 /YK1VH /articles/psr4-autoloading-test-cases-drupal-7
Redirect 301 /Yil https://drupalcamp.london/tickets/training
Redirect 301 /about /
Redirect 301 /about/cv /cv
Redirect 301 /about/speaker /speaker
Redirect 301 /about/speaker-information /speaker-information
Redirect 301 /acquia-certifications https://certification.acquia.com/registry?fname=Oliver&lname=Davies&city=&state=&country=United+Kingdom&org=&exam=All
Redirect 301 /acquia-certified https://certification.acquia.com/?fname=Oliver&lname=Davies
Redirect 301 /ansible https://galaxy.ansible.com/opdavies
Redirect 301 /ansible-molecule /articles/test-driven-ansible-role-development-molecule
Redirect 301 /ansistrano-code https://github.com/opdavies/dransible
Redirect 301 /ansistrano-demo https://www.youtube.com/watch?v=PLS4ET7FAcU
Redirect 301 /ansistrano-slides /presentations/deploying-php-ansible-ansistrano
Redirect 301 /archive/2022/10/20/run-vs-task-runner /archive/2022/10/19/run-vs-task-runners
Redirect 301 /atNOQ https://youtu.be/r41dkD2EOo8
Redirect 301 /automatically-updating-talk-created-date https://gist.github.com/opdavies/4e75e1753d8603113f07f8264bb783d6
Redirect 301 /blog.xml /rss.xml
Redirect 301 /blog/10-useful-drupal-6-modules /blog/useful-drupal-6-modules
Redirect 301 /blog/10-years-working-full-time-drupal /blog/10-years-working-full-time-drupal-php
Redirect 301 /blog/2010/04/05/style-drupal-6s-taxonomy-lists-php-css-and-jquery /blog/style-drupal-6s-taxonomy-lists-php-css-and-jquery
Redirect 301 /blog/2010/04/05/styling-drupal-6s-taxonomy-lists-with-php-css-and-jquery /blog/style-drupal-6s-taxonomy-lists-php-css-jquery
Redirect 301 /blog/2010/04/28/using-imagecache-and-imagecrop-my-portfolio /blog/using-imagecache-and-imagecrop-my-portfolio
Redirect 301 /blog/2010/05/06/conditional-email-addresses-webform /blog/conditional-email-addresses-webform
Redirect 301 /blog/2010/05/10/quickly-create-zen-subthemes-using-zenophile /blog/quickly-create-zen-subthemes-using-zenophile
Redirect 301 /blog/2010/05/25/create-slideshow-multiple-images-using-fancy-slide /blog/create-slideshow-multiple-images-using-fancy-slide
Redirect 301 /blog/2010/05/29/quickly-import-multiples-images-using-imagefieldimport-module /blog/quickly-import-multiples-images-using-imagefieldimport-module
Redirect 301 /blog/2010/06/02/improve-jpg-quality-imagecache-and-imageapi /blog/improve-jpg-quality-imagecache-and-imageapi
Redirect 301 /blog/2010/06/23/create-block-social-media-icons-using-cck-views-and-nodequeue /blog/create-block-social-media-icons-using-cck-views-and-nodequeue
Redirect 301 /blog/2010/06/25/10-useful-drupal-6-modules /blog/10-useful-drupal-6-modules
Redirect 301 /blog/2010/06/28/create-flickr-photo-gallery-using-feeds-cck-and-views /blog/create-flickr-photo-gallery-using-feeds-cck-and-views
Redirect 301 /blog/2010/07/01/change-content-type-multiple-nodes-using-sql /blog/change-content-type-multiple-nodes-using-sql
Redirect 301 /blog/2010/07/02/create-virtual-hosts-mac-os-x-using-virtualhostx /blog/create-virtual-hosts-mac-os-x-using-virtualhostx
Redirect 301 /blog/2010/07/07/add-taxonomy-term-multiple-nodes-using-sql /blog/add-taxonomy-term-multiple-nodes-using-sql
Redirect 301 /blog/2010/07/07/quickly-adding-taxonomy-term-multiple-nodes-using-sql /blog/add-taxonomy-term-multiple-nodes-using-sql
Redirect 301 /blog/2010/07/12/overview-teleport-module /blog/review-teleport-module
Redirect 301 /blog/2010/07/12/review-teleport-module /blog/review-teleport-module
Redirect 301 /blog/2010/08/10/review-adminhover-module /blog/review-adminhover-module
Redirect 301 /blog/2010/08/11/create-better-photo-gallery-drupal-part-1 /blog/create-better-photo-gallery-drupal-part-1
Redirect 301 /blog/2010/08/11/how-create-better-photo-gallery-drupal-part-1 /blog/create-better-photo-gallery-drupal-part-1
Redirect 301 /blog/2010/08/17/create-better-photo-gallery-drupal-part-2 /blog/create-better-photo-gallery-drupal-part-2
Redirect 301 /blog/2010/08/20/review-image-caption-module /blog/review-image-caption-module
Redirect 301 /blog/2010/09/26/south-wales-drupal-user-group /blog/south-wales-drupal-user-group
Redirect 301 /blog/2010/10/10/create-and-apply-patches /blog/create-and-apply-patches
Redirect 301 /blog/2010/10/13/create-better-photo-gallery-drupal-part-3 /blog/create-better-photo-gallery-drupal-part-3
Redirect 301 /blog/2010/10/22/create-better-photo-gallery-drupal-part-21 /blog/create-better-photo-gallery-drupal-part-21
Redirect 301 /blog/2010/11/04/use-regular-expressions-search-and-replace-coda-or-textmate /blog/use-regular-expressions-search-and-replace-coda-or-textmate
Redirect 301 /blog/2011/02/14/easily-embed-typekit-fonts-your-drupal-website /blog/easily-embed-typekit-fonts-your-drupal-website
Redirect 301 /blog/2011/03/15/display-number-facebook-fans-php /blog/display-number-facebook-fans-php
Redirect 301 /blog/2011/03/31/proctor-stevenson /blog/proctor-stevenson
Redirect 301 /blog/2011/05/20/proctors-hosting-next-drupal-meetup /blog/proctors-hosting-next-drupal-meetup
Redirect 301 /blog/2011/05/23/imagefield-import-archive /blog/imagefield-import-archive
Redirect 301 /blog/2011/08/28/create-multigroups-drupal-7-using-field-collections /blog/create-multigroups-drupal-7-using-field-collections
Redirect 301 /blog/2011/10/19/install-and-configure-subversion-svn-server-ubuntu /blog/install-and-configure-subversion-svn-server-ubuntu
Redirect 301 /blog/2011/10/install-and-configure-subversion-svn-server-ubuntu /blog/how-install-configure-subversion-svn-server-ubuntu
Redirect 301 /blog/2012/01/04/site-upgraded-drupal-7 /blog/site-upgraded-drupal-7
Redirect 301 /blog/2012/02/01/use-authorize-keys-create-passwordless-ssh-connection /blog/use-authorized-keys-create-passwordless-ssh-connection
Redirect 301 /blog/2012/04/16/create-omega-subtheme-less-css-preprocessor-using-omega-tools-and-drush /blog/create-omega-subtheme-less-css-preprocessor-using-omega-tools-and-drush
Redirect 301 /blog/2012/04/17/installing-nagios-centos /blog/installing-nagios-centos
Redirect 301 /blog/2012/04/19/adding-custom-theme-templates-drupal-7 /blog/adding-custom-theme-templates-drupal-7
Redirect 301 /blog/2012/04/adding-custom-theme-templates-drupal-7 /blog/adding-custom-theme-templates-drupal-7
Redirect 301 /blog/2012/05/23/add-date-popup-calendar-custom-form /blog/add-date-popup-calendar-custom-form
Redirect 301 /blog/2012/05/23/checkout-specific-revision-svn-command-line /blog/checkout-specific-revision-svn-command-line
Redirect 301 /blog/2012/05/23/forward-one-domain-another-using-mod-rewrite-and-htaccess /blog/forward-one-domain-another-using-mod-rewrite-and-htaccess
Redirect 301 /blog/2012/05/23/forward-one-domain-another-using-modrewrite-and-htaccess /blog/forward-one-domain-another-using-modrewrite-htaccess
Redirect 301 /blog/2012/05/23/prevent-apache-displaying-text-files-within-web-browser /blog/prevent-apache-displaying-text-files-within-web-browser
Redirect 301 /blog/2012/05/23/writing-info-file-drupal-7-theme /blog/writing-info-file-drupal-7-theme
Redirect 301 /blog/2012/05/24/dividing-drupals-process-and-preprocess-functions-separate-files /blog/dividing-drupals-process-and-preprocess-functions-separate-files
Redirect 301 /blog/2012/05/forward-one-domain-another-using-modrewrite-and-htaccess /blog/forward-one-domain-another-using-modrewrite-htaccess
Redirect 301 /blog/2012/07/12/my-new-drupal-modules /blog/my-new-drupal-modules
Redirect 301 /blog/2012/07/14/install-nomensa-media-player-drupal /blog/install-nomensa-media-player-drupal
Redirect 301 /blog/2012/07/27/writing-article-linux-journal /blog/writing-article-linux-journal
Redirect 301 /blog/2012/07/install-and-configure-nomensa-accessible-media-player-drupal /blog/install-configure-nomensa-accessible-media-player-drupal
Redirect 301 /blog/2012/07/nomensa-accessible-media-player-drupal /blog/install-configure-nomensa-accessible-media-player-drupal
Redirect 301 /blog/2012/08/18/display-custom-menu-drupal-7-theme-template-file /blog/display-custom-menu-drupal-7-theme-template-file
Redirect 301 /blog/2012/09/06/reflections-speaking-unifieddiff /blog/reflections-speaking-unifieddiff
Redirect 301 /blog/2012/10/25/my-sublime-text-2-settings /blog/my-sublime-text-2-settings
Redirect 301 /blog/2012/11/15/accessible-bristol-site-launched /blog/accessible-bristol-site-launched
Redirect 301 /blog/2012/11/17/open-sublime-text-2-mac-os-x-command-line /blog/open-sublime-text-2-mac-os-x-command-line
Redirect 301 /blog/2012/12/06/use-sass-and-compass-drupal-7-using-sassy /blog/use-sass-and-compass-drupal-7-using-sassy
Redirect 301 /blog/2012/12/use-sass-and-compass-drupal-7-using-sassy /blog/use-sass-and-compass-drupal-7-using-sassy
Redirect 301 /blog/2013/01/09/checking-if-user-logged-drupal-right-way /blog/checking-if-user-logged-drupal-right-way
Redirect 301 /blog/2013/02/16/creating-and-using-custom-tokens-drupal-7 /blog/creating-and-using-custom-tokens-drupal-7
Redirect 301 /blog/2013/02/creating-and-using-custom-tokens-drupal-7 /blog/creating-using-custom-tokens-drupal-7
Redirect 301 /blog/2013/03/02/quickest-way-install-sublime-text-2-ubuntu /blog/quickest-way-install-sublime-text-2-ubuntu
Redirect 301 /blog/2013/04/20/leaving-nomensa-joining-precedent /blog/leaving-nomensa-joining-precedent
Redirect 301 /blog/2013/04/27/display-git-branch-or-tag-names-your-bash-prompt /blog/display-git-branch-or-tag-names-your-bash-prompt
Redirect 301 /blog/2013/04/display-git-branch-or-tag-names-your-bash-prompt /blog/display-git-branch-or-tag-names-your-bash-prompt
Redirect 301 /blog/2013/06/13/some-useful-links-using-simpletest-drupal /blog/some-useful-links-using-simpletest-drupal
Redirect 301 /blog/2013/07/17/creating-local-and-staging-sites-drupals-domain-module-enabled /blog/creating-local-and-staging-sites-drupals-domain-module-enabled
Redirect 301 /blog/2013/07/26/going-drupalcon /blog/going-drupalcon
Redirect 301 /blog/2013/09/06/create-a-zen-sub-theme-using-drush /blog/create-a-zen-sub-theme-using-drush
Redirect 301 /blog/2013/09/create-zen-sub-theme-using-drush /blog/create-zen-sub-theme-using-drush
Redirect 301 /blog/2013/11/19/dont-bootstrap-drupal-use-drush /blog/dont-bootstrap-drupal-use-drush
Redirect 301 /blog/2013/11/27/useful-vagrant-commands /blog/useful-vagrant-commands
Redirect 301 /blog/2013/11/dont-bootstrap-drupal-use-drush /blog/dont-bootstrap-drupal-use-drush
Redirect 301 /blog/2013/12/24/quickly-apply-patches-using-git-and-curl-or-wget /blog/quickly-apply-patches-using-git-and-curl-or-wget
Redirect 301 /blog/2013/12/31/download-different-versions-drupal-drush /blog/download-different-versions-drupal-drush
Redirect 301 /blog/2013/12/quickly-apply-patches-using-git-and-curl-or-w /blog/quickly-apply-patches-using-git-curl-or-wget
Redirect 301 /blog/2014/01/15/some-useful-git-aliases /blog/some-useful-git-aliases
Redirect 301 /blog/2014/02/09/drupalcamp-london-2014 /blog/drupalcamp-london-2014
Redirect 301 /blog/2014/03/03/what-git-flow /blog/what-git-flow
Redirect 301 /blog/2014/05/03/drupal-association /blog/drupal-association
Redirect 301 /blog/2014/05/06/thanks /blog/thanks
Redirect 301 /blog/2014/05/21/git-format-patch /blog/git-format-patch
Redirect 301 /blog/2014/07/02/drush-make-drupalbristol /blog/drush-make-drupalbristol
Redirect 301 /blog/2014/10/06/fix-vagrant-loading-wrong-virtual-machine /blog/fix-vagrant-loading-wrong-virtual-machine
Redirect 301 /blog/2014/10/21/updating-features-and-adding-components-using-drush /blog/updating-features-and-adding-components-using-drush
Redirect 301 /blog/2014/11/18/include-css-fonts-using-sass-each-loop /blog/include-css-fonts-using-sass-each-loop
Redirect 301 /blog/2014/11/20/using-remote-files-when-developing-locally-with-stage-file-proxy-module /blog/using-remote-files-when-developing-locally-with-stage-file-proxy-module
Redirect 301 /blog/2014/11/27/pantheon-settings-files /blog/pantheon-settings-files
Redirect 301 /blog/2014/12/20/include-local-drupal-settings-file-environment-configuration-and-overrides /blog/include-local-drupal-settings-file-environment-configuration-and-overrides
Redirect 301 /blog/2015/04/03/how-to-define-a-minimum-drupal-core-version /blog/how-to-define-a-minimum-drupal-core-version
Redirect 301 /blog/2015/06/18/updating-forked-repositories-on-github /blog/updating-forked-repositories-on-github
Redirect 301 /blog/2015/07/19/sculpin-twig-resources /blog/sculpin-twig-resources
Redirect 301 /blog/2015/07/21/automating-sculpin-jenkins /blog/automating-sculpin-jenkins
Redirect 301 /blog/2015/12/22/programmatically-load-an-entityform-in-drupal-7 /blog/programmatically-load-an-entityform-in-drupal-7
Redirect 301 /blog/2016/02/15/announcing-the-drupal-vm-generator /blog/announcing-the-drupal-vm-generator
Redirect 301 /blog/2016/05/03/simplifying-drupal-migrations-with-xautoload /blog/simplifying-drupal-migrations-with-xautoload
Redirect 301 /blog/2016/07/15/building-gmail-filters-with-php /blog/building-gmail-filters-with-php
Redirect 301 /blog/2016/12/30/drupal-vm-generator-291-released /blog/drupal-vm-generator-291-released
Redirect 301 /blog/2017/01/07/easier-sculpin-commands-with-composer-and-npm-scripts /blog/easier-sculpin-commands-with-composer-and-npm-scripts
Redirect 301 /blog/2017/01/31/nginx-redirects-with-query-string-arguments /blog/nginx-redirects-with-query-string-arguments
Redirect 301 /blog/2017/05/05/fixing-drupal-simpletest-docker /blog/2017/05/05/fixing-drupal-simpletest-issues-inside-docker-containers
Redirect 301 /blog/2017/05/05/fixing-drupal-simpletest-issues-inside-docker-containers /blog/fixing-drupal-simpletest-issues-inside-docker-containers
Redirect 301 /blog/2017/05/20/turning-drupal-module-into-feature /blog/turning-your-custom-drupal-module-feature
Redirect 301 /blog/2017/06/09/introducing-the-drupal-meetups-twitterbot /blog/introducing-the-drupal-meetups-twitterbot
Redirect 301 /blog/2017/07/13/publishing-sculpin-sites-with-github-pages /blog/publishing-sculpin-sites-github-pages
Redirect 301 /blog/2017/11/07/tdd-test-driven-drupal /blog/tdd-test-driven-drupal
Redirect 301 /blog/2017/11/07/writing-drupal-module-test-driven-development-tdd /blog/2017/11/07/tdd-test-driven-drupal
Redirect 301 /blog/2018/01/30/drupalcamp-bristol-2018 /blog/drupalcamp-bristol-2018
Redirect 301 /blog/2018/02/05/using-tailwind-css-in-your-drupal-theme /blog/using-tailwind-css-in-your-drupal-theme
Redirect 301 /blog/2018/02/27/looking-forward-to-drupalcamp-london /blog/looking-forward-to-drupalcamp-london
Redirect 301 /blog/2018/02/27/queuing-private-messages-in-drupal-8 /blog/queuing-private-messages-in-drupal-8
Redirect 301 /blog/2018/02/28/building-the-new-phpsw-website /blog/building-the-new-phpsw-website
Redirect 301 /blog/2018/03/02/yay-the-mediacurrent-contrib-half-hour-is-back /blog/yay-the-mediacurrent-contrib-half-hour-is-back
Redirect 301 /blog/2018/03/04/tweets-from-drupalcamp-london /blog/tweets-from-drupalcamp-london
Redirect 301 /blog/2018/04/23/back-to-the-future-git-diff-apply /blog/back-future-gits-diff-apply-commands
Redirect 301 /blog/2018/05/06/creating-a-custom-phpunit-command-for-docksal /blog/creating-a-custom-phpunit-command-for-docksal
Redirect 301 /blog/add-date-popup-calendar-custom-form /blog/how-add-date-popup-calendar-custom-form
Redirect 301 /blog/adding-methods-decorating-entity-metadata-wrapper /blog/decorating-entity-metadata-wrapper-add-refactor-methods
Redirect 301 /blog/announcing-drupal-vm-generator /blog/announcing-the-drupal-vm-generator
Redirect 301 /blog/announcing-the-drupal-vm-config-generator /blog/announcing-the-drupal-vm-generator
Redirect 301 /blog/back-to-the-future-git-diff-apply /blog/back-future-gits-diff-apply-commands
Redirect 301 /blog/building-gmail-filters-in-php /blog/building-gmail-filters-php
Redirect 301 /blog/building-new-phpsw-website /blog/building-the-new-phpsw-website
Redirect 301 /blog/building-presentation-slides-reveal-js-tailwind-css /blog/building-presentation-slides-rst2pdf
Redirect 301 /blog/building-speaker-leaderboard-php-south-wales-using-drupal-symfony /blog/building-speaker-leaderboard-php-south-wales-drupal-symfony
Redirect 301 /blog/create-and-apply-patches /blog/how-create-apply-patches
Redirect 301 /blog/create-flickr-photo-gallery-using-feeds-cck-and-views /blog/create-flickr-photo-gallery-using-feeds-cck-views
Redirect 301 /blog/creating-and-using-custom-tokens-drupal-7 /blog/creating-using-custom-tokens-drupal-7
Redirect 301 /blog/creating-custom-docksal-commands /blog/creating-custom-phpunit-command-docksal
Redirect 301 /blog/debugging-drupal-commerce-promotions-illiminate-collections /blog/debugging-drupal-commerce-illuminate-collections
Redirect 301 /blog/decorating-entity-metadata-wrapper-add-add-refactor-methods /blog/decorating-entity-metadata-wrapper-add-refactor-methods
Redirect 301 /blog/dev-book-club-refactoring-chapter-1 /blog/dev-book-club-notes-refactoring-chapter-1
Redirect 301 /blog/dividing-drupals-process-preprocess-functions-separate-files /blog/dividing-drupals-process-and-preprocess-functions-separate-files
Redirect 301 /blog/drupal-8-commerce-fixing-no-such-customer-error-checkout /blog/drupal-8-commerce-fixing-no-such-customer-error-checkou
Redirect 301 /blog/drupal-8-commerce-fixing-no-such-customer-error-on-checkout /blog/drupal-8-commerce-fixing-no-such-customer-error-checkou
Redirect 301 /blog/drupal-vm-generator-291-released /blog/drupal-vm-generator-updates
Redirect 301 /blog/drupalcamp-london-2019-tickets /blog/drupalcamp-london-2019-tickets-available-call-sessions
Redirect 301 /blog/drush-make-drupalbristol /presentations/drush-make-drupalbristol
Redirect 301 /blog/easier-git-repository-cloning-with-insteadof /blog/easier-git-repository-cloning-insteadof
Redirect 301 /blog/easier-sculpin-commands-with-composer-and-npm-scripts /blog/easier-sculpin-commands-composer-npm-scripts
Redirect 301 /blog/editing-meetup-videos-kdenlive /blog/editing-meetup-videos-linux-kdenlive
Redirect 301 /blog/examples-of-laravel-collections-in-drupal /blog/using-laravel-collections-drupal
Redirect 301 /blog/experimenting-with-events-in-drupal-8 /blog/experimenting-events-drupal-8
Redirect 301 /blog/fix-vagrant-loading-wrong-virtual-machine /blog/how-fix-vagrant-loading-wrong-virtual-machine
Redirect 301 /blog/fixing-drupal-simpletest-docker /blog/fixing-drupal-simpletest-issues-inside-docker-containers
Redirect 301 /blog/forward-one-domain-another-using-modrewrite-and-htaccess /blog/forward-one-domain-another-using-modrewrite-htaccess
Redirect 301 /blog/forward-one-domain-another-using-modrewrite-and-htaccess /blog/forward-one-domain-another-using-modrewrite-htaccess
Redirect 301 /blog/git-format-patch /blog/git-format-patch-your-friend
Redirect 301 /blog/how-easily-embed-typekit-fonts-your-drupal-website /blog/easily-embed-typekit-fonts-your-drupal-website
Redirect 301 /blog/how-split-new-drupal-contrib-project-within-another-repository /blog/splitting-new-drupal-project-from-repo
Redirect 301 /blog/how-style-drupal-6s-taxonomy-lists-php-css-and-jquery /blog/style-drupal-6s-taxonomy-lists-php-css-jquery
Redirect 301 /blog/include-local-drupal-settings-file-environment-configuration-overrides /blog/include-local-drupal-settings-file-environment-configuration-and-overrides
Redirect 301 /blog/install-and-configure-subversion-svn-server-ubuntu /blog/how-install-configure-subversion-svn-server-ubuntu
Redirect 301 /blog/live-blogging-symfonylive-london /blog/live-blogging-symfonylive-london-2019
Redirect 301 /blog/minimum-core-version /blog/how-define-minimum-drupal-core-version
Redirect 301 /blog/nginx-redirects-with-query-string-arguments /blog/nginx-redirects-query-string-arguments
Redirect 301 /blog/null-users-and-system-users-in-drupal /blog/null-users-system-users-drupal
Redirect 301 /blog/overridding-phpcs-configuration-drupal-ci /blog/overriding-phpcs-configuration-drupal-ci
Redirect 301 /blog/pantheon-settings-files /blog/include-environment-specific-settings-files-pantheon
Redirect 301 /blog/pdfpc-pdf-presenter-console-notes /blog/presenting-pdf-slides-using-pdfpc-pdf-presenter-console
Redirect 301 /blog/php-apps-subdirectory-nginx /blog/how-put-your-php-application-subdirectory-another-site-nginx
Redirect 301 /blog/presenting-tailwind-css-ansible-cms-philly /blog/presenting-on-tailwind-css-and-ansible-at-cms-philly
Redirect 301 /blog/programmatically-load-(an-)?entityform-(in-)?drupal-7 /blog/entityform
Redirect 301 /blog/published-my-first-docker-images-docker-hub /blog/published-my-first-docker-images-docker-hub-adr-tools-sculpin-rst2pdf
Redirect 301 /blog/publishing-sculpin-sites-(with-)?github-pages /blog/publishing-sculpin-sites-github-pages
Redirect 301 /blog/queuing-private-messages-in-drupal-8 /blog/queuing-private-messages-drupal-8
Redirect 301 /blog/quick-project-switching-in-phpstorm /blog/quick-project-switching-phpstorm
Redirect 301 /blog/quickly-apply-patches-using-git-and-curl-or-wget /blog/quickly-apply-patches-using-git-curl-or-wget
Redirect 301 /blog/rebuilding-bartik-with-vuejs-tailwind-css /blog/rebuilding-bartik-drupals-default-theme-vuejs-tailwind-css
Redirect 301 /blog/rebuilding-bartik-with-vuejs-tailwind-css-part-2 /blog/rebuilding-bartik-drupals-default-theme-vuejs-tailwind-css-part-2
Redirect 301 /blog/rebuilding-uis-tailwind-css /blog/uis-ive-rebuilt-tailwind-css
Redirect 301 /blog/restructuring-my-tailwindjs-config-files /blog/restructuring-my-tailwindjs-configuration-files
Redirect 301 /blog/retrieving-profile-data-user-using-entity-metadata-wrapper /blog/cleanly-retrieving-user-profile-data-using-entity-metadata-wrapper
Redirect 301 /blog/running-drupal-with-symfony-local-server /blog/running-drupal-88-symfony-local-server
Redirect 301 /blog/running-phpunit-tests-docksal-phpstorm /blog/how-run-drupal-8-phpunit-tests-within-docksal-phpstorm
Redirect 301 /blog/simplifying-drupal-migrations-with-xautoload /blog/simplifying-drupal-migrations-xautoload
Redirect 301 /blog/speaking-drupalcon-barcelona-2020 /blog/speaking-drupalcon-europe-2020
Redirect 301 /blog/speaking-during-lockdown /blog/speaking-remotely-during-covid-19
Redirect 301 /blog/speaking-remotely-during-lockdown /blog/speaking-remotely-during-covid-19
Redirect 301 /blog/style-drupal-6s-taxonomy-lists-php-css-jquery /blog/style-drupal-6s-taxonomy-lists-php-css-and-jquery
Redirect 301 /blog/survey-results-my-drupalcon-europe-session /blog/survey-results-my-drupalcon-europe-session-test-driven-drupal
Redirect 301 /blog/system-users-null-users /blog/null-users-and-system-users-in-drupal
Redirect 301 /blog/test-driven-drupal-gitstore-leanpub /blog/test-driven-drupal-on-gitstore-leanpub
Redirect 301 /blog/test-driven-drupal-presentation-drupalcon-europe-0 /blog/test-driven-drupal-presentation-drupalcon-europe
Redirect 301 /blog/test-driven-drupal-session-drupalcon-europe /blog/test-driven-drupal-presentation-drupalcon-europe
Redirect 301 /blog/test-driven-drupal-session-video-drupalcon-europe /blog/test-driven-drupal-presentation-drupalcon-europe
Redirect 301 /blog/testing-tailwind-css-plugins-with-jest /blog/testing-tailwind-css-plugins-jest
Redirect 301 /blog/testing-tailwindcss-plugins-with-jest /blog/testing-tailwind-css-plugins-jest
Redirect 301 /blog/tweets-from-drupalcamp-london /blog/tweets-drupalcamp-london
Redirect 301 /blog/updating-features-and-adding-components-using-drush /blog/updating-features-adding-components-using-drush
Redirect 301 /blog/updating-forked-repositories-github /blog/updating-forked-github-repos
Redirect 301 /blog/use-regular-expressions-search-and-replace-coda-or-textmate /blog/use-regular-expressions-search-replace-coda-or-textmate
Redirect 301 /blog/using-environment-variables-settings-docksal /blog/how-use-environment-variables-your-drupal-settings-docksal
Redirect 301 /blog/using-psr-4-autoloading-your-drupal-7-test-cases /blog/psr4-autoloading-test-cases-drupal-7
Redirect 301 /blog/using-tailwind-css-in-your-drupal-theme /blog/using-tailwind-css-your-drupal-theme
Redirect 301 /blog/using-the-pcss-extension-postcss-webpack-encore /blog/using-pcss-extension-postcss-webpack-encore
Redirect 301 /blog/weeknotes-june-5th /blog/weeknotes-2021-06-05
Redirect 301 /blog/writing-drupal-module-test-driven-development-tdd /blog/writing-new-drupal-8-module-using-test-driven-development-tdd
Redirect 301 /book /test-driven-drupal
Redirect 301 /build-configs /daily/2024/08/27/build-configs-is-open-source
Redirect 301 /calendars? https://savvycal.com/opdavies
Redirect 301 /cms-philly /articles/presenting-on-tailwind-css-and-ansible-at-cms-philly
Redirect 301 /code-enigma-interview https://blog.codeenigma.com/interview-with-a-drupal-expert-9fcd8e0fad28
Redirect 301 /consulting /
Redirect 301 /contrib-half-hour https://www.youtube.com/playlist?list=PLu-MxhbnjI9rHroPvZO5LEUhr58Yl0j_F
Redirect 301 /cv /cv.txt
Redirect 301 /d0P5z /presentations/drupal-8-php-libraries-drupalorg-api
Redirect 301 /d7 /drupal7
Redirect 301 /dcbristol-cfp https://www.papercall.io/drupalcamp-bristol-2019
Redirect 301 /dcbristol17-videos https://www.youtube.com/playlist?list=PLOwPvExSyLLngtd6R4PUD9MCXa6QL_obA
Redirect 301 /dcbristol19-announced /articles/drupalcamp-bristol-2019-speakers-sessions-announced
Redirect 301 /dclondon-sat https://drupalcamp.london/schedule/saturday
Redirect 301 /dclondon-sun https://drupalcamp.london/schedule/sunday
Redirect 301 /dclondon20 /articles/drupalcamp-london-testing-workshop
Redirect 301 /ddev-phpunit-command /blog/creating-custom-phpunit-command-ddev
Redirect 301 /deploying-php-ansible /presentations/deploying-php-ansible-ansistrano
Redirect 301 /dks7E https://www.youtube.com/watch?v=PLS4ET7FAcU
Redirect 301 /do-library https://github.com/opdavies/drupalorg-api-php
Redirect 301 /do-projects https://github.com/opdavies/drupal-module-drupalorg-projects
Redirect 301 /docksal-phpunit-phpstorm /articles/running-phpunit-tests-docksal-phpstorm
Redirect 301 /docksal-posts /articles/tags/docksal
Redirect 301 /dransible https://github.com/opdavies/dransible
Redirect 301 /dransible-drupal-9 /blog/upgrading-dransible-project-drupal-9
Redirect 301 /drupal-bristol-march-19 https://docs.google.com/presentation/d/1pk9LIN-hHX73kvDdo-lzgmKlAeH33_K_uvI0t7A-rvY/edit?usp=sharing
Redirect 301 /drupal-consultant /drupal-consulting
Redirect 301 /drupal-consulting /
Redirect 301 /drupal-core-live-stream https://www.youtube.com/watch?v=OK4FWwh1gQU
Redirect 301 /drupal-core-testing-gate https://www.drupal.org/core/gates#testing
Redirect 301 /drupal-first-time-issues https://www.drupal.org/project/issues/search?text=&projects=&assigned=&submitted=&project_issue_followers=&status%5B%5D=Open&issue_tags_op=%3D&issue_tags=Novice
Redirect 301 /drupal-forum-post http://www.webmaster-forums.net/webmasters-corner/developing-my-website-using-php-and-mysql#comment-1231537
Redirect 301 /drupal-marketplace-uk https://www.drupal.org/drupal-services?offices%5B%5D=24460
Redirect 301 /drupal-meetups-twitterbot /articles/introducing-the-drupal-meetups-twitterbot
Redirect 301 /drupal-novice-issues https://www.drupal.org/project/issues/search?text=&projects=&assigned=&submitted=&project_issue_followers=&status%5B%5D=Open&issue_tags_op=%3D&issue_tags=Novice
Redirect 301 /drupal-php-developer /drupal-consultant
Redirect 301 /drupal-php-developer-consultant-uk /drupal-php-developer
Redirect 301 /drupal-tailwind-demo https://www.youtube.com/watch?v=1eM-Gw6GI4g
Redirect 301 /drupal-tailwindcss https://www.drupal.org/project/tailwindcss
Redirect 301 /drupal-vuejs /presentations/decoupling-drupal-vuejs
Redirect 301 /drupal7 /drupal-upgrade
Redirect 301 /drupalcamp-london-2019-tickets /articles/drupalcamp-london-2019-tickets
Redirect 301 /drupalcamp-nyc-training https://www.youtube.com/watch?v=3M9c4UUzKm0
Redirect 301 /drupalorg https://www.drupal.org/u/opdavies
Redirect 301 /drupalorg-project-issues https://www.drupal.org/project/issues/search?projects=Override+Node+Options%2C+Tailwind+CSS+Starter+Kit%2C+Block+ARIA+Landmark+Roles%2C+Copyright+Block+module%2C+System+User%2C+Null+User%2C+Collection+class%2C+Pathauto+Menu+Link%2C+Webform+ARIA&project_issue_followers=&status%5B%5D=1&status%5B%5D=13&status%5B%5D=8&status%5B%5D=14&status%5B%5D=15&issue_tags_op=%3D
Redirect 301 /drupalversary https://github.com/opdavies/drupal-module-drupalversary
Redirect 301 /elewant https://elewant.com/shepherd/admire/opdavies
Redirect 301 /feed /rss.xml
Redirect 301 /first-drupal-core-issue https://www.drupal.org/project/drupal/issues/753898
Redirect 301 /first-npm-package https://www.npmjs.com/package/tailwindcss-vuejs
Redirect 301 /freeagent https://opdavies.freeagent.com
Redirect 301 /git-flow /presentations/git-flow
Redirect 301 /github-sculpin https://github.com/opdavies?tab=repositories&q=sculpin
Redirect 301 /gitlab https://gitlab.com/opdavies
Redirect 301 /gitstore https://enjoy.gitstore.app/maintainers/opdavies
Redirect 301 /gmail-filters https://gitlab.com/opdavies/gmail-filters
Redirect 301 /images/me-precedent.jpg /sites/default/files/images/social-avatar.jpg
Redirect 301 /inviqa-tailwind-demo https://play.tailwindcss.com/Yfmw8O5UNN
Redirect 301 /inviqa-tailwind-notes https://gist.github.com/opdavies/e6f0f4938506a6859acf1aca8b4e1a74
Redirect 301 /join-php-south-wales-slack https://join.slack.com/t/phpsouthwales/shared_invite/zt-4vuetc43-AvtEK1WqNzp5k1w4yWKOJA
Redirect 301 /jy6rW https://www.meetup.com/PHP-South-Wales/events/264731393
Redirect 301 /kB6Jd /articles/running-drupal-with-symfony-local-server/
Redirect 301 /kmDRA https://www.bbc.co.uk/news/uk-46561779
Redirect 301 /leeds-php-drupal-9 https://www.meetup.com/leedsphp/events/272504993
Redirect 301 /live https://www.youtube.com/channel/UCkeK0qF9HHUPQH_fvn4ghqQ
Redirect 301 /npm https://www.npmjs.com/~opdavies
Redirect 301 /oFlkS /articles/test-driven-drupal-on-gitstore-leanpub
Redirect 301 /oliver-davies-uk-based-drupal-symfony-developer /oliver-davies-uk-based-drupal-php-developer
Redirect 301 /pair-programming /pair
Redirect 301 /pair-with-me /pair
Redirect 301 /pairing /pair
Redirect 301 /php-ansible /presentations/deploying-php-ansible-ansistrano
Redirect 301 /qSHAl /articles/published-my-first-npm-package/
Redirect 301 /qT1Rb https://github.com/opdavies/drupal-meetups-twitterbot
Redirect 301 /rebuilding-acquia https://rebuilding-acquia.oliverdavies.uk
Redirect 301 /rebuilding-bartik /articles/rebuilding-bartik-with-vuejs-tailwind-css
Redirect 301 /rebuilding-bristol-js https://github.com/opdavies/rebuilding-bristol-js
Redirect 301 /rebuilding-pantheon https://play.tailwindcss.com/LND98XihGI?layout=horizontal
Redirect 301 /rebuilding-platformsh https://rebuilding-platformsh.oliverdavies.uk
Redirect 301 /rebuilding-symfony https://github.com/opdavies/rebuilding-symfony
Redirect 301 /rk29B https://www.meetup.com/PHP-South-Wales/events/268422525
Redirect 301 /roadmap /drupal-upgrade
# Redirect 301 /rss /rss.xml
Redirect 301 /rst2pdf /presentations/building-presenting-slide-decks-rst2pdf
Redirect 301 /s9MjJ https://symfonycasts.com/screencast/symfony
Redirect 301 /sculpin /presentations/building-static-websites-sculpin
Redirect 301 /sculpin-encore-versioning https://github.com/opdavies/oliverdavies.uk/commit/d192b04aefa6e7a21bfc1f2e0fe0a16111e0e8a2
Redirect 301 /sites/default/files/images/social-avatar. /images/social-avatar.jpg
Redirect 301 /skills https://opdavies-skills-tailwindcss.netlify.com/
Redirect 301 /slides-drupal-9 https://slides-upgrading-to-drupal-9.oliverdavies.uk
Redirect 301 /slides-upgrading-to-drupal-9 https://slides-upgrading-to-drupal-9.oliverdavies.uk
Redirect 301 /slides-upgrading-to-drupal-9/index.html https://slides-upgrading-to-drupal-9.oliverdavies.uk
Redirect 301 /slides-working-with-workspace https://slides-working-with-workspace.oliverdavies.uk
Redirect 301 /speaker /press
Redirect 301 /speaker-info /speaker
Redirect 301 /speaker-information /speaker
Redirect 301 /speaking-videos https://www.youtube.com/playlist?list=PLHn41Ay7w7kfAzczswrANch5oHAPZBlvu
Redirect 301 /stream https://www.youtube.com/channel/UCkeK0qF9HHUPQH_fvn4ghqQ/live
Redirect 301 /subscription /
Redirect 301 /swap-markdown-parser https://github.com/opdavies/sculpin-twig-markdown-bundle-example/tree/swap-markdown-parser
Redirect 301 /symfony https://connect.symfony.com/profile/opdavies
Redirect 301 /symfony-server /articles/running-drupal-with-symfony-local-server
Redirect 301 /symfonylive /articles/live-blogging-symfonylive-london
Redirect 301 /symposium https://symposiumapp.com/u/opdavies
Redirect 301 /tailwind-css-talk /presentations/taking-flight-tailwind-css
Redirect 301 /tailwind-repos https://github.com/opdavies?utf8=%E2%9C%93&tab=repositories&q=tailwindcss
Redirect 301 /tailwind-talk /presentations/taking-flight-with-tailwind-css
Redirect 301 /tailwindcss-demo http://tailwindcss-demo.oliverdavies.uk/
Redirect 301 /talks /presentations
Redirect 301 /talks-offer-tweet https://twitter.com/opdavies/status/1250870367712935938
Redirect 301 /talks/2012/09/05/what-is-this-drupal-thing-unified-diff /presentations/what-is-this-drupal-thing
Redirect 301 /talks/2013/07/10/drupal-ldap-swdug /presentations/drupal-ldap
Redirect 301 /talks/2014/03/01/git-flow-drupalcamp-london-2014 /presentations/git-flow
Redirect 301 /talks/2014/07/02/drush-make-drupalbristol-drupal-bristol /presentations/drush-make-drupalbristol
Redirect 301 /talks/2014/08/19/drupal-association-swdug /presentations/drupal-association
Redirect 301 /talks/2015/01/18/drupalorg-2015-drupalcamp-brighton-2015 /presentations/drupalorg-in-2015-whats-coming-next
Redirect 301 /talks/2015/02/28/drupalorg-2015-drupalcamp-london-2015 /presentations/drupalorg-in-2015-whats-coming-next
Redirect 301 /talks/2015/04/08/drupal-8-phpsw /presentations/drupal-8
Redirect 301 /talks/2015/07/25/test-drive-twig-with-sculpin-drupalcamp-north-2015 /presentations/test-drive-twig-with-sculpin
Redirect 301 /talks/2015/08/25/dancing-for-drupal-umbristol /presentations/dancing-for-drupal
Redirect 301 /talks/2015/10/14/sculpin-phpsw /presentations/sculpin
Redirect 301 /talks/2016/03/05/drupal-8-module-development-drupalcamp-london-2016 /presentations/getting-started-with-drupal-8-module-development
Redirect 301 /talks/2016/03/09/drupal-vm-generator-nwdug /presentations/drupal-vm-generator
Redirect 301 /talks/2016/04/02/drupal-vm-generator-drupal-bristol /presentations/drupal-vm-generator
Redirect 301 /talks/2016/06/11/drupal-8-rejoining-the-herd-php-south-coast-2016 /presentations/drupal-8-rejoining-the-herd
Redirect 301 /talks/2016/07/23/drupal-vm-meet-symfony-console-drupalcamp-bristol-2016 /presentations/drupal-vm-meet-symfony-console
Redirect 301 /talks/2016/11/09/drupal-development-with-composer-phpsw /presentations/drupal-development-with-composer
Redirect 301 /talks/2016/11/17/goodbye-drush-make-hello-composer-drupal-bristol /presentations/goodbye-drush-make-hello-composer
Redirect 301 /talks/2017/01/18/getting-your-data-into-drupal-8-drupal-bristol /presentations/getting-your-data-into-drupal-8
Redirect 301 /talks/2017/03/04/getting-your-data-into-drupal-8-drupalcamp-london-2017 /presentations/getting-your-data-into-drupal-8
Redirect 301 /talks/ansible-ansistrano https://www.oliverdavies.uk/presentations/deploying-php-ansible-ansistrano
Redirect 301 /talks/archive /presentations
Redirect 301 /talks/deploying-php-applications-fabric /presentations/deploying-php-fabric
Redirect 301 /talks/deploying-php-applications-with-fabric /presentations/deploying-php-fabric
Redirect 301 /talks/drupal-vm-generator-2 /presentations/drupal-vm-generator
Redirect 301 /talks/drupalorg-2015-2 /presentations/drupalorg-2015
Redirect 301 /talks/drupalorg-in-2015-whats-coming-next /presentations/drupalorg-2015
Redirect 301 /talks/getting-started-with-drupal-8-module-development /drupal-8-module-development
Redirect 301 /talks/having-fun-drupal-8-php-libraries-drupalorg-api /presentations/drupal-8-php-libraries-drupalorg-api
Redirect 301 /talks/never-commit-master-introduction-git-flow /presentations/git-flow
Redirect 301 /talks/sculpin /presentations/building-static-websites-sculpin
Redirect 301 /talks/tailwind /presentations/taking-flight-with-tailwind-css/
Redirect 301 /talks/taking-flight-tailwind-css /presentations/taking-flight-with-tailwind-css
Redirect 301 /talks/using-laravel-collections-outside-laravel /presentations/using-illuminate-collections-outside-laravel
Redirect 301 /talks/working-workspace /presentations/working-with-workspace
Redirect 301 /tdd-blog https://github.com/opdavies/drupal-module-tdd-blog
Redirect 301 /tdd-test-driven-drupal /presentations/tdd-test-driven-drupal/
Redirect 301 /team-coaching /
Redirect 301 /test-driven-drupal-book /test-driven-drupal
Redirect 301 /testing-drupal /presentations/tdd-test-driven-drupal
Redirect 301 /testing-drupal-intro https://inviqa.com/blog/drupal-automated-testing-introduction
Redirect 301 /testing-tailwind-plugins /articles/testing-tailwindcss-plugins-with-jest
Redirect 301 /testing-workshop https://github.com/opdavies/workshop-drupal-automated-testing
Redirect 301 /testing-workshop-code https://github.com/opdavies/workshop-drupal-automated-testing-code
Redirect 301 /todoist-filters https://gist.github.com/opdavies/6709fbdac5c3babbd94137bcc8b8e3c2
Redirect 301 /twitter-tweaks https://github.com/opdavies/chrome-extension-twitter-tweaks
Redirect 301 /upgrading-to-drupal-9 /presentations/upgrading-your-site-drupal-9
Redirect 301 /uxbjV https://www.drupal.org/project/copyright_block
Redirect 301 /vyTEF https://www.npmjs.com/package/tailwindcss-vuejs
Redirect 301 /webpack-encore-pcss-regex https://regexr.com/51iaf
Redirect 301 /wordcamp-bristol-tailwindcss https://2019.bristol.wordcamp.org/session/taking-flight-with-tailwind-css
Redirect 301 /wordpress-tailwind https://github.com/opdavies/wordcamp-bristol-2019
Redirect 301 /work /drupal-php-developer
Redirect 301 /working-with-workspace /presentations/working-with-workspace
Redirect 301 /workshop-drupal-testing https://github.com/opdavies/workshop-drupal-automated-testing
Redirect 301 /workspace-demo https://github.com/opdavies/working-with-workspace-demo
Redirect 301 /wp-tailwind https://wp-tailwind.oliverdavies.uk
Redirect 301 /wp-tailwind-repo https://github.com/opdavies/wordcamp-bristol-2019
Redirect 301 /wp-tailwind-starter https://github.com/opdavies/wordpress-tailwindcss-startker-kit
Redirect 301 /wp-tailwind-static https://wp-tailwind.oliverdavies.uk
Redirect 301 /yXhoS /presentations/things-you-should-know-about-php

# RewriteCond %{REQUEST_URI} !^/archive/?$
# RewriteRule ^archive/(.*)$ /daily/$1 [L,R=301]

RewriteRule ^articles/(.*) /blog/$1 [L,R=301]
RewriteRule ^talks/(.*) /presentations/$1 [L,R=301]
